X,Y,ID,TIPO,AMBITO,CARTELLINO,SPECIE_COM,ALTEZZA_M,D_CHIOMA,D_FUSTO,RIF_CARTOG,CLASSE_CED,RISCHIO,icon_url
9.23372525999743,45.9901320358532,"6173",Alberi,2 - Villa Carlotta - area vivaio serre,"1801",Picea abies,20.0000000000,6.0000000000,55.0000000000,"301",B,0.00,./0.png
9.23354747530921,45.9901298161917,"21565",Alberi,2 - Villa Carlotta - area vivaio serre,"1802",Picea abies,20.0000000000,6.0000000000,73.0000000000,"306",B,0.00,./0.png
9.23349819490182,45.9901956105321,"6175",Alberi,2 - Villa Carlotta - area vivaio serre,"1803",Picea abies,20.0000000000,5.0000000000,52.0000000000,"307",B,0.00,./0.png
9.23347819495708,45.9901436652901,"21569",Alberi,2 - Villa Carlotta - area vivaio serre,"1804",Picea abies,20.0000000000,5.0000000000,67.0000000000,"310",B,0.00,./0.png
9.2335423483145,45.9901725963915,"6177",Alberi,2 - Villa Carlotta - area vivaio serre,"1805",Picea abies,20.0000000000,6.0000000000,50.0000000000,"311",B,0.00,./0.png
9.23356783187056,45.9902098774167,"6182",Alberi,2 - Villa Carlotta - area vivaio serre,1805 bis,Liriodendron tulipifera L.,15.0000000000,6.0000000000,33.0000000000,,B,0.00,./0.png
9.23377602660841,45.9901416900284,"6178",Alberi,2 - Villa Carlotta - area vivaio serre,"1806",Picea abies,20.0000000000,5.0000000000,37.0000000000,"313",B,0.00,./0.png
9.23364790654425,45.990189106278,"21573",Alberi,2 - Villa Carlotta - area vivaio serre,"1807",Picea abies,20.0000000000,6.0000000000,63.0000000000,"314",Non attribuita,0.00,./0.png
9.23370337284449,45.9902023734355,"21603",Alberi,2 - Villa Carlotta - area vivaio serre,"1808",Picea abies,22.0000000000,6.0000000000,72.0000000000,"315",,0.00,./0.png
9.23377841639879,45.9902110223186,"6181",Alberi,2 - Villa Carlotta - area vivaio serre,"1809",Picea abies,20.0000000000,6.0000000000,61.0000000000,"316",B,0.00,./0.png
9.23356252100674,45.9890898384534,"21871",Alberi,2 - Villa Carlotta - area vivaio serre,"1810",Liriodendron tulipifera,12.1010808940,10.0000000000,146.0000000000,"773",C,4.19,./1.png
9.23319440240057,45.9888288865663,"6154",Alberi,1 - Villa Carlotta - area pic nic nord - prato giochi,"1812",Cinnamomum camphora,13.0000000000,10.0000000000,55.0000000000,"817",B,0.00,./0.png
9.23310509574841,45.9882579595879,"21506",Alberi,1 - Villa Carlotta - area pic nic nord - prato giochi,"1814",Pinus strobus,27.7078323360,9.0000000000,82.0000000000,"979",D,36.58,./2.png
9.23318908897337,45.9882584597356,"6157",Alberi,1 - Villa Carlotta - area pic nic nord - prato giochi,"1815",Taxus baccata,14.0000000000,9.0000000000,77.0000000000,979a,B,0.00,./0.png
9.23302987446512,45.9882893802574,"6147",Alberi,1 - Villa Carlotta - area pic nic nord - prato giochi,"1816",Pinus wallichiana,27.0000000000,10.0000000000,75.0000000000,"980",B,0.00,./0.png
9.23307984286666,45.9883477807372,"6148",Alberi,1 - Villa Carlotta - area pic nic nord - prato giochi,"1817",Pinus wallichiana,26.0000000000,12.0000000000,81.0000000000,"981",B,0.00,./0.png
9.23326828542499,45.9884602878504,"6726",Alberi,1 - Villa Carlotta - area pic nic nord - prato giochi,"1818",Pinus wallichiana,35.9865570070,9.0000000000,75.0000000000,"983",C,27.77,./3.png
9.23337807735502,45.9885131568591,"6150",Alberi,1 - Villa Carlotta - area pic nic nord - prato giochi,"1819",Fagus sylvatica,18.0000000000,9.0000000000,53.0000000000,"984",B,0.00,./0.png
9.23323747220032,45.9885757714207,"21872",Alberi,1 - Villa Carlotta - area pic nic nord - prato giochi,"1820",Metasequoia glyptostroboides,20.0000000000,8.0000000000,66.0000000000,"986",D,9.53,./1.png
9.23332007139005,45.98868997046,"6152",Alberi,1 - Villa Carlotta - area pic nic nord - prato giochi,"1821",Liriodendron tulipifera,22.0000000000,10.0000000000,83.0000000000,"987",B,0.00,./0.png
9.23323369259654,45.9887088135282,"6153",Alberi,1 - Villa Carlotta - area pic nic nord - prato giochi,"1822",Cladrastis lutea,12.0000000000,9.0000000000,51.0000000000,"990",B,0.00,./0.png
9.23300954312024,45.988721313233,"6155",Alberi,1 - Villa Carlotta - area pic nic nord - prato giochi,"1823",Fraxinus excelsior,11.0000000000,8.0000000000,46.0000000000,"992",B,0.00,./0.png
9.23309695639288,45.9885182487538,"6156",Alberi,1 - Villa Carlotta - area pic nic nord - prato giochi,"1824",Betula alba,16.0000000000,5.0000000000,48.0000000000,"1017",B,0.00,./0.png
9.2327937308322,45.9880669384436,"6159",Alberi,1 - Villa Carlotta - area pic nic nord - prato giochi,"1825",Pinus strobus,26.0000000000,6.0000000000,73.0000000000,"1215",B,0.00,./0.png
9.23292582705482,45.9881652343096,"6158",Alberi,1 - Villa Carlotta - area pic nic nord - prato giochi,"1826",Fagus sylvatica,20.0000000000,10.0000000000,50.0000000000,"1215",B,0.00,./0.png
9.232153699732,45.9883248067702,"21579",Alberi,43 - Villa Carlotta - Giardino dei bambÃ¹,"1828",Castanea sativa,15.0000000000,10.0000000000,77.0000000000,"1427",B,0.00,./0.png
9.23251412282877,45.9879031179615,"21510",Alberi,42 - Villa Carlotta - Piazza colloquio,"1829",Liquidambar styraciflua,24.0000000000,12.0000000000,108.0000000000,"1642",B,0.00,./0.png
9.23265468787899,45.9879420914963,"6210",Alberi,1 - Villa Carlotta - area pic nic nord - prato giochi,"1830",Sequoia sempervirens,27.0000000000,7.0000000000,89.0000000000,"1644",B,0.00,./0.png
9.23266219515792,45.9879310957669,"6161",Alberi,1 - Villa Carlotta - area pic nic nord - prato giochi,"1831",Sequoia sempervirens,25.0000000000,4.0000000000,55.0000000000,1644a,B,0.00,./0.png
9.23257617599313,45.9878783486969,"6209",Alberi,42 - Villa Carlotta - Piazza colloquio,"1832",Osmanthus x fortunei,6.0000000000,7.0000000000,62.0000000000,"1647",B,0.00,./0.png
9.23238222928307,45.9879338344574,"6440",Alberi,43 - Villa Carlotta - Giardino dei bambÃ¹,"1833",Sequoia sempervirens,14.0000000000,7.0000000000,102.0000000000,"1706",B,0.00,./0.png
9.23268296780369,45.9879613667019,"21543",Alberi,1 - Villa Carlotta - area pic nic nord - prato giochi,"1834",Fagus sylvatica,34.2754364010,10.0000000000,103.0000000000,"1711",C-D,67.17,./4.png
9.23217353464257,45.9879918429509,"6165",Alberi,8 - Villa Carlotta - valle felci,"1835",Platanus acerifolia,24.0000000000,12.0000000000,82.0000000000,"1816",B,0.00,./0.png
9.23213970472778,45.9880333291856,"6164",Alberi,8 - Villa Carlotta - valle felci,"1836",Castanea sativa,16.0000000000,5.0000000000,47.0000000000,1818a,B,0.00,./0.png
9.23199677067816,45.9880654018766,"6562",Alberi,8 - Villa Carlotta - valle felci,"1837",Castanea sativa,15.0000000000,3.0000000000,35.0000000000,"1819",B,0.00,./0.png
9.23215315232572,45.9879591320161,"21583",Alberi,8 - Villa Carlotta - valle felci,"1838",Castanea sativa,13.0000000000,10.0000000000,95.0000000000,"1824",C,4.23,./1.png
9.23215805158567,45.9878771107285,"21969",Alberi,8 - Villa Carlotta - valle felci,"1839",Robinia pseudoacacia,18.0000000000,5.0000000000,48.0000000000,"1829",D,15.44,./3.png
9.23190113029473,45.9881233873375,"6162",Alberi,8 - Villa Carlotta - valle felci,"1840",Platanus acerifolia,24.0000000000,12.0000000000,111.0000000000,"1923",B,0.00,./0.png
9.23172223682385,45.9880147917629,"21588",Alberi,8 - Villa Carlotta - valle felci,"1841",Castanea sativa,16.9041576390,8.0000000000,80.0000000000,"2132",C,10.72,./3.png
9.23171551766741,45.9880414284684,"6285",Alberi,8 - Villa Carlotta - valle felci,"1842",Platanus acerifolia,18.0000000000,7.0000000000,75.0000000000,"2135",B,0.00,./0.png
9.23170113041128,45.9879136884423,"6727",Alberi,8 - Villa Carlotta - valle felci,"1843",Castanea sativa,15.0244903560,7.0000000000,39.0000000000,"2175",C,9.68,./1.png
9.2318751366223,45.9878414316121,"6283",Alberi,8 - Villa Carlotta - valle felci,"1844",Platanus acerifolia,24.0000000000,12.0000000000,118.0000000000,"2180",B,0.00,./0.png
9.23219290479193,45.9878195275918,"6218",Alberi,8 - Villa Carlotta - valle felci,"1845",Taxus baccata,16.0000000000,8.0000000000,36.0000000000,"2272",B,0.00,./0.png
9.23206460545988,45.9879564317387,"6216",Alberi,8 - Villa Carlotta - valle felci,"1846",Taxus baccata,18.0000000000,8.0000000000,56.0000000000,"2273",B,0.00,./0.png
9.23194133518955,45.9879775448255,"22080",Alberi,8 - Villa Carlotta - valle felci,"1847",Platanus acerifolia,20.0000000000,10.0000000000,94.0000000000,"2274",Non attribuita,0.00,./0.png
9.23195921931453,45.9880304306806,"6214",Alberi,8 - Villa Carlotta - valle felci,"1848",Taxus baccata,10.0000000000,8.0000000000,45.0000000000,"2275",B,0.00,./0.png
9.23193631366562,45.9878819801294,"6439",Alberi,8 - Villa Carlotta - valle felci,"1849",Platanus acerifolia,25.0000000000,14.0000000000,139.0000000000,"2278",B,0.00,./0.png
9.23214786296453,45.9877470761404,"21826",Alberi,8 - Villa Carlotta - valle felci,"1850",Platanus acerifolia,24.2792034150,10.0000000000,89.0000000000,"2304",C,8.43,./1.png
9.23235048529134,45.9876235573687,"21824",Alberi,8 - Villa Carlotta - valle felci,"1851",Platanus acerifolia,24.0000000000,12.0000000000,148.0000000000,"2313",B,0.00,./0.png
9.23228892121586,45.9877312548941,"6219",Alberi,8 - Villa Carlotta - valle felci,"1852",Taxus baccata,11.0000000000,7.0000000000,33.0000000000,"2319",B,0.00,./0.png
9.23221232288823,45.9875722480737,"21820",Alberi,8 - Villa Carlotta - valle felci,"1853",Platanus acerifolia,28.4542770390,10.0000000000,128.0000000000,"2329",C,11.57,./3.png
9.23262202043267,45.9873778170139,"6225",Alberi,8 - Villa Carlotta - valle felci,"1854",Ulmus glabra,18.0000000000,10.0000000000,61.0000000000,"2441",B,0.00,./0.png
9.23242737284792,45.987320943702,"21947",Alberi,8 - Villa Carlotta - valle felci,"1855",Tilia cordata,27.6380043030,9.0000000000,95.0000000000,"2460",C,21.84,./3.png
9.23239887903824,45.9873954706829,"6227",Alberi,8 - Villa Carlotta - valle felci,"1856",Platanus acerifolia,22.0000000000,6.0000000000,44.0000000000,"2462",B,0.00,./0.png
9.2324052298203,45.9875431537874,"21604",Alberi,8 - Villa Carlotta - valle felci,"1857",Platanus acerifolia,34.4231376650,7.0000000000,59.0000000000,"2476",C,16.94,./3.png
9.23232427298145,45.9873021715571,"6275",Alberi,8 - Villa Carlotta - valle felci,"1858",Platanus acerifolia,20.0000000000,8.0000000000,50.0000000000,"2470",B,0.00,./0.png
9.23229170236088,45.9872756416777,"6276",Alberi,8 - Villa Carlotta - valle felci,"1859",Ilex aquifolium L.,9.0000000000,4.0000000000,39.0000000000,2470A,B,0.00,./0.png
9.23239346524485,45.9872433664886,"6274",Alberi,8 - Villa Carlotta - valle felci,"1860",Liriodendron tulipifera,22.0000000000,8.0000000000,62.0000000000,"2473",B,0.00,./0.png
9.23255838333666,45.9874712803284,"6224",Alberi,8 - Villa Carlotta - valle felci,"1861",Platanus acerifolia,24.0000000000,10.0000000000,105.0000000000,"2480",B,0.00,./0.png
9.23228666178826,45.9876818924691,"21594",Alberi,8 - Villa Carlotta - valle felci,"1862",Tilia cordata,22.5316696170,7.0000000000,74.0000000000,"2489",C,7.26,./1.png
9.23219709770982,45.9874697738239,"6280",Alberi,8 - Villa Carlotta - valle felci,"1863",Tilia cordata,20.0000000000,10.0000000000,62.0000000000,"2524",B,0.00,./0.png
9.23214313429206,45.9874869031421,"6416",Alberi,8 - Villa Carlotta - valle felci,"1864",Castanea sativa,20.0000000000,8.0000000000,67.0000000000,"2525",B,0.00,./0.png
9.23230918626161,45.9873778953032,"6277",Alberi,8 - Villa Carlotta - valle felci,"1865",Tilia cordata,20.0000000000,8.0000000000,48.0000000000,"2527",B,0.00,./0.png
9.23231938417594,45.9873434121686,"6470",Alberi,8 - Villa Carlotta - valle felci,"1866",Tilia cordata,20.0000000000,8.0000000000,43.0000000000,"2528",B,0.00,./0.png
9.23273548375159,45.987531006265,"6296",Alberi,9 - Villa Carlotta - Cedro libano,"1867",Taxus baccata,14.0000000000,7.0000000000,51.0000000000,"2618",B,0.00,./0.png
9.23270144386964,45.9875051905167,"6269",Alberi,9 - Villa Carlotta - Cedro libano,"1868",Taxus baccata,16.0000000000,7.0000000000,43.0000000000,"2620",B,0.00,./0.png
9.23270950640078,45.9874911425285,"6270",Alberi,9 - Villa Carlotta - Cedro libano,"1869",Taxus baccata,17.0000000000,7.0000000000,51.0000000000,"2621",B,0.00,./0.png
9.23267131698399,45.9874887991841,"6271",Alberi,9 - Villa Carlotta - Cedro libano,"1870",Taxus baccata,17.0000000000,5.0000000000,42.0000000000,"2622",B,0.00,./0.png
9.23263438974972,45.9874887843603,"6421",Alberi,9 - Villa Carlotta - Cedro libano,"1871",Sequoia sempervirens,22.0000000000,10.0000000000,115.0000000000,"2623",B,0.00,./0.png
9.23266381009464,45.9874721367871,"6273",Alberi,9 - Villa Carlotta - Cedro libano,"1872",Taxus baccata,11.0000000000,6.0000000000,42.0000000000,"2625",B,0.00,./0.png
9.23304931062722,45.9875919022533,"6262",Alberi,14 - Villa Carlotta - Bosco rododendri,"1874",Rhododendron arboreum,10.0000000000,6.0000000000,40.0000000000,"2732",B,0.00,./0.png
9.23300430052932,45.9875918590215,"6260",Alberi,14 - Villa Carlotta - Bosco rododendri,"1875",Rhododendron arboreum,9.0000000000,4.0000000000,40.0000000000,"2735",B,0.00,./0.png
9.23299931044563,45.9875811497583,"6261",Alberi,14 - Villa Carlotta - Bosco rododendri,"1876",Rhododendron arboreum,6.0000000000,4.0000000000,31.0000000000,"2736",B,0.00,./0.png
9.23290613819333,45.9875583517573,"6264",Alberi,9 - Villa Carlotta - Cedro libano,"1877",Rhododendron arboreum,8.0000000000,4.0000000000,25.0000000000,"2639",B,0.00,./0.png
9.23291636611577,45.9875780517029,"21607",Alberi,9 - Villa Carlotta - Cedro libano,"1878",Rhododendron arboreum,6.9432110786,5.0000000000,36.0000000000,"2740",D,1.72,./1.png
9.23305064220415,45.9876882238689,"6265",Alberi,9 - Villa Carlotta - Cedro libano,"1879",Rhododendron arboreum,10.0000000000,7.0000000000,47.0000000000,"2651",B,0.00,./0.png
9.23310556496396,45.9879821694232,"6427",Alberi,4 - Villa Carlotta - prato palma jubaea,"1881",Pinus montezumae,14.0000000000,7.0000000000,62.0000000000,"2863",B,0.00,./0.png
9.23286722082627,45.9877496088314,"6737",Alberi,9 - Villa Carlotta - Cedro libano,"1882",Cedrus libani libani,31.1846275330,16.0000000000,178.0000000000,"2902",C,27.80,./3.png
9.23268969520283,45.987687210858,"6295",Alberi,9 - Villa Carlotta - Cedro libano,"1883",Stewartia pseudocamellia,8.0000000000,8.0000000000,41.0000000000,"3114",B,0.00,./0.png
9.23300546154691,45.9881916860622,"6676",Alberi,7 - Villa Carlotta - viale canfora,"1884",Taxus baccata,10.0000000000,6.0000000000,54.0000000000,"3222",B,0.00,./0.png
9.23298241390117,45.9881300985444,"6203",Alberi,7 - Villa Carlotta - viale canfora,"1885",Taxus baccata,14.0000000000,6.0000000000,37.0000000000,"3225",B,0.00,./0.png
9.23291083356274,45.9881214330853,"6202",Alberi,7 - Villa Carlotta - viale canfora,"1886",Fagus sylvatica,16.0000000000,8.0000000000,40.0000000000,"3224",B,0.00,./0.png
9.23285524911936,45.9880797002904,"6204",Alberi,7 - Villa Carlotta - viale canfora,"1887",Sequoia sempervirens,23.0000000000,7.0000000000,78.0000000000,"3226",B,0.00,./0.png
9.23285930803929,45.9880568019977,"6205",Alberi,7 - Villa Carlotta - viale canfora,"1888",Sequoia sempervirens,24.0000000000,6.0000000000,103.0000000000,"3227",B,0.00,./0.png
9.23283380297832,45.9880470185,"6206",Alberi,7 - Villa Carlotta - viale canfora,"1889",Sequoia sempervirens,24.0000000000,5.0000000000,93.0000000000,"3228",B,0.00,./0.png
9.23282247251646,45.9880183789297,"6207",Alberi,7 - Villa Carlotta - viale canfora,"1890",Sequoia sempervirens,24.0000000000,6.0000000000,69.0000000000,"3229",B,0.00,./0.png
9.23288446439051,45.9880005489052,"6208",Alberi,7 - Villa Carlotta - viale canfora,"1891",Magnolia grandiflora,16.0000000000,8.0000000000,71.0000000000,"3232",B,0.00,./0.png
9.23346272758024,45.9884333577385,"6191",Alberi,7 - Villa Carlotta - viale canfora,"1892",Cinnamomum camphora,25.0000000000,10.0000000000,81.0000000000,"3316",B,0.00,./0.png
9.23330859366484,45.9883552073097,"21628",Alberi,7 - Villa Carlotta - viale canfora,"1893",Sequoia sempervirens,42.2635993960,7.0000000000,75.0000000000,"3318",C,76.59,./4.png
9.23355804418689,45.988531968998,"6187",Alberi,7 - Villa Carlotta - viale canfora,"1894",Calocedrus decurrens,27.0000000000,8.0000000000,95.0000000000,"3413",B,0.00,./0.png
9.23327318185544,45.9883441641434,"21635",Alberi,7 - Villa Carlotta - viale canfora,"1895",Sequoia sempervirens,40.7138557430,7.0000000000,102.0000000000,"3426",C,35.54,./2.png
9.23328206965202,45.9883544514204,"6196",Alberi,7 - Villa Carlotta - viale canfora,"1896",Sequoia sempervirens,17.0000000000,4.0000000000,63.0000000000,"3427",B,0.00,./0.png
9.2332870090639,45.9883622896567,"6197",Alberi,7 - Villa Carlotta - viale canfora,"1897",Sequoia sempervirens,25.0000000000,4.0000000000,59.0000000000,"3428",B,0.00,./0.png
9.2332998942729,45.9883713267222,"6200",Alberi,7 - Villa Carlotta - viale canfora,"1898",Sequoia sempervirens,20.0000000000,4.0000000000,56.0000000000,"3429",B,0.00,./0.png
9.23328949348109,45.9883881516354,"6199",Alberi,7 - Villa Carlotta - viale canfora,"1899",Pinus strobus,25.0000000000,4.0000000000,67.0000000000,"3430",B,0.00,./0.png
9.23328054297188,45.9883783055049,"6198",Alberi,7 - Villa Carlotta - viale canfora,"1900",Sequoia sempervirens,25.0000000000,4.0000000000,67.0000000000,"3431",B,0.00,./0.png
9.23325895710319,45.9883574237139,"6195",Alberi,7 - Villa Carlotta - viale canfora,"1901",Sequoia sempervirens,25.0000000000,5.0000000000,80.0000000000,"3433",B,0.00,./0.png
9.23344768164188,45.988509270552,"6190",Alberi,7 - Villa Carlotta - viale canfora,"1902",Taxus baccata,10.0000000000,8.0000000000,31.0000000000,"3437",B,0.00,./0.png
9.23345860057358,45.9885204897041,"6189",Alberi,7 - Villa Carlotta - viale canfora,"1903",Calocedrus decurrens,26.0000000000,6.0000000000,85.0000000000,"3438",B,0.00,./0.png
9.2334995157161,45.988538325845,"6188",Alberi,7 - Villa Carlotta - viale canfora,"1904",Taxus baccata,14.0000000000,8.0000000000,35.0000000000,"3439",B,0.00,./0.png
9.23341906926649,45.9886414183506,"6168",Alberi,12 - Villa Carlotta - Prato paulownia,"1905",Cupressus lusitanica,22.0000000000,7.0000000000,78.0000000000,"3525",B,0.00,./0.png
9.2334127616276,45.988621405421,"6169",Alberi,12 - Villa Carlotta - Prato paulownia,"1906",Cupressus lusitanica,22.0000000000,9.0000000000,82.0000000000,"3526",B,0.00,./0.png
9.23349615182323,45.98861654589,"21957",Alberi,12 - Villa Carlotta - Prato paulownia,"1907",Calocedrus decurrens,35.4438285830,7.0000000000,119.0000000000,"3528",C,53.87,./2.png
9.23358238187732,45.9884457497625,"21994",Alberi,7 - Villa Carlotta - viale canfora,"1908",Cedrus deodara,41.8221092220,10.0000000000,123.0000000000,"3534",C-D,100.00,./4.png
9.23356934520407,45.9887721656427,"6185",Alberi,13 - Villa Carlotta - Zona Cedro deodara- sequoia,"1909",Cupressus lusitanica,25.0000000000,9.0000000000,64.0000000000,"3547",B,0.00,./0.png
9.23356258594415,45.9887338199017,"6677",Alberi,13 - Villa Carlotta - Zona Cedro deodara- sequoia,"1910",Chamaecyparis obtusa,24.0000000000,4.0000000000,59.0000000000,"3548",B,0.00,./0.png
9.23362952611538,45.9886582690231,"6678",Alberi,13 - Villa Carlotta - Zona Cedro deodara- sequoia,"1911",Picea abies,14.0000000000,4.0000000000,42.0000000000,"3551",B,0.00,./0.png
9.23355727287829,45.9882257781446,"6297",Alberi,14 - Villa Carlotta - Bosco rododendri,"1912",Sequoia sempervirens,17.0000000000,7.0000000000,82.0000000000,"3728",B,0.00,./0.png
9.23338270799007,45.9880726965169,"6291",Alberi,4 - Villa Carlotta - prato palma jubaea,"1913",Jubaea chilensis,12.0000000000,4.0000000000,105.0000000000,"3812",B,0.00,./0.png
9.23374232332811,45.9880948236534,"21815",Alberi,14 - Villa Carlotta - Bosco rododendri,"1914",Castanea sativa,15.0000000000,12.0000000000,143.0000000000,"3928",,0.00,./0.png
9.23356525907491,45.9878958264119,"6299",Alberi,14 - Villa Carlotta - Bosco rododendri,"1916",Rhododendron arboreum,10.0000000000,5.0000000000,31.0000000000,"4046",B,0.00,./0.png
9.23348404978339,45.9878295156433,"21600",Alberi,14 - Villa Carlotta - Bosco rododendri,"1917",Rhododendron arboreum,3.0000000000,4.0000000000,12.0000000000,"4050",B,0.00,./0.png
9.2335390907805,45.9878475839233,"6301",Alberi,14 - Villa Carlotta - Bosco rododendri,"1918",Rhododendron arboreum,10.0000000000,4.0000000000,48.0000000000,"4051",B,0.00,./0.png
9.23379783208887,45.9878761620848,"21639",Alberi,14 - Villa Carlotta - Bosco rododendri,"1919",Cinnamomum glanduliferum,20.0000000000,8.0000000000,132.0000000000,"4127",B,0.00,./0.png
9.23370236039874,45.9877926899549,"21615",Alberi,14 - Villa Carlotta - Bosco rododendri,"1920",Pinus sylvestris,12.0000000000,9.0000000000,73.0000000000,"4130",C,1.54,./1.png
9.23342885506177,45.9877994411621,"6302",Alberi,14 - Villa Carlotta - Bosco rododendri,"1921",Rhododendron arboreum,11.0000000000,5.0000000000,43.0000000000,"4218",B,0.00,./0.png
9.23341341745373,45.9878097871117,"6303",Alberi,14 - Villa Carlotta - Bosco rododendri,"1922",Rhododendron arboreum,12.0000000000,7.0000000000,45.0000000000,"4219",B,0.00,./0.png
9.23336303839581,45.9878011146347,"6304",Alberi,14 - Villa Carlotta - Bosco rododendri,"1923",Rhododendron arboreum,12.0000000000,7.0000000000,37.0000000000,"4220",B,0.00,./0.png
9.23331528613734,45.9878091684538,"6305",Alberi,14 - Villa Carlotta - Bosco rododendri,"1924",Rhododendron arboreum,11.0000000000,8.0000000000,49.0000000000,"4221",B,0.00,./0.png
9.23329212502694,45.9878220412563,"6306",Alberi,14 - Villa Carlotta - Bosco rododendri,"1925",Rhododendron arboreum,8.0000000000,6.0000000000,29.0000000000,"4223",B,0.00,./0.png
9.23332521242861,45.9877624092868,"6307",Alberi,14 - Villa Carlotta - Bosco rododendri,"1926",Rhododendron arboreum,12.0000000000,6.0000000000,46.0000000000,"4226",B,0.00,./0.png
9.23327959616592,45.9877226037824,"6308",Alberi,14 - Villa Carlotta - Bosco rododendri,"1927",Rhododendron arboreum,12.0000000000,8.0000000000,35.0000000000,"4227",B,0.00,./0.png
9.23338038891061,45.9877605145544,"6309",Alberi,14 - Villa Carlotta - Bosco rododendri,"1928",Rhododendron arboreum,12.0000000000,8.0000000000,50.0000000000,"4231",B,0.00,./0.png
9.2334130077136,45.9877645251064,"6310",Alberi,14 - Villa Carlotta - Bosco rododendri,"1929",Rhododendron arboreum,11.0000000000,7.0000000000,54.0000000000,"4232",B,0.00,./0.png
9.23320283481472,45.9877622000449,"6311",Alberi,14 - Villa Carlotta - Bosco rododendri,"1930",Rhododendron arboreum,11.0000000000,7.0000000000,49.0000000000,"4316",B,0.00,./0.png
9.23321328444257,45.9877139817601,"6312",Alberi,14 - Villa Carlotta - Bosco rododendri,"1931",Rhododendron arboreum,8.0000000000,12.0000000000,61.0000000000,"4317",B,0.00,./0.png
9.23321921117885,45.9876986780357,"6732",Alberi,14 - Villa Carlotta - Bosco rododendri,"1932",Rhododendron arboreum,14.8445501330,5.0000000000,52.0000000000,"4318",C,4.72,./1.png
9.23321973816002,45.9876629894467,"6314",Alberi,14 - Villa Carlotta - Bosco rododendri,"1933",Rhododendron arboreum,10.0000000000,8.0000000000,47.0000000000,"4319",B,0.00,./0.png
9.23322028919124,45.987663295403,"6315",Alberi,14 - Villa Carlotta - Bosco rododendri,"1934",Rhododendron arboreum,10.0000000000,8.0000000000,40.0000000000,"4320",B,0.00,./0.png
9.23261981119338,45.9872973492293,"21746",Alberi,8 - Villa Carlotta - valle felci,"1935",Liriodendron tulipifera,36.2100486760,14.0000000000,148.0000000000,"4917",C,37.48,./2.png
9.23280742727627,45.9871429439185,"6373",Alberi,3 - Villa Carlotta - caffetteria,"1936",Platanus acerifolia,16.0000000000,8.0000000000,75.0000000000,"5012",B,0.00,./0.png
9.23277694001591,45.987052858331,"21504",Alberi,3 - Villa Carlotta - caffetteria,"1937",Taxus baccata,13.1690950390,5.0000000000,52.0000000000,"5035",C,7.44,./1.png
9.2328741470561,45.9871104966695,"6370",Alberi,3 - Villa Carlotta - caffetteria,"1939",Taxus baccata,11.0000000000,3.0000000000,43.0000000000,"5038",B,0.00,./0.png
9.2329540126435,45.9871523926221,"6369",Alberi,3 - Villa Carlotta - caffetteria,"1940",Picea abies,19.0000000000,6.0000000000,77.0000000000,"5039",B,0.00,./0.png
9.23355659564403,45.987582757372,"6366",Alberi,15 - Villa Carlotta - zona serre vecchie,"1941",Magnolia grandiflora L.,14.0000000000,8.0000000000,54.0000000000,5046A,B,0.00,./0.png
9.23367732325661,45.9876665470127,"6450",Alberi,15 - Villa Carlotta - zona serre vecchie,"1944",Cinnamomum camphora (L.) Sieb.,19.0000000000,9.0000000000,89.0000000000,5046G,B,0.00,./0.png
9.23370123287751,45.9877272595972,"21827",Alberi,15 - Villa Carlotta - zona serre vecchie,"1945",Cinnamomum camphora (L.) Sieb.,14.0000000000,6.0000000000,55.0000000000,5046H,C,6.30,./1.png
9.23247073092999,45.9871176272252,"6387",Alberi,3 - Villa Carlotta - caffetteria,"1947",Acer pseudoplatanus,12.0000000000,7.0000000000,42.0000000000,"5055",B,0.00,./0.png
9.23266053751631,45.9870608266805,"6376",Alberi,3 - Villa Carlotta - caffetteria,"1948",Liriodendron tulipifera,11.0000000000,5.0000000000,43.0000000000,"5115",B,0.00,./0.png
9.23263485292861,45.9870445522985,"6375",Alberi,3 - Villa Carlotta - caffetteria,"1949",Taxus baccata,12.0000000000,6.0000000000,45.0000000000,"5116",B,0.00,./0.png
9.23263532060909,45.9871253746457,"6377",Alberi,3 - Villa Carlotta - caffetteria,"1950",Taxus baccata,10.0000000000,5.0000000000,63.0000000000,"5120",B,0.00,./0.png
9.23240396630459,45.9871980372868,"6379",Alberi,5 - Villa Carlotta - prato centrale,"1951",Osmanthus x fortunei,6.0000000000,5.0000000000,38.0000000000,"5153",B,0.00,./0.png
9.23246054095,45.9872187490698,"21500",Alberi,15 - Villa Carlotta - zona serre vecchie,"1952",Liriodendron tulipifera,28.5775299070,10.0000000000,74.0000000000,"5154",C,23.35,./3.png
9.23246193678268,45.9869877715214,"6374",Alberi,5 - Villa Carlotta - prato centrale,"1953",Magnolia grandiflora,12.0000000000,7.0000000000,61.0000000000,"5240",B,0.00,./0.png
9.23172225368029,45.9863932981742,"6765",Alberi,11 - Villa Carlotta - Bosco Rododendri nuovi,"1954",Fagus sylvatica pendula,15.0000000000,14.0000000000,72.0000000000,"5438",B,0.00,./0.png
9.23163736454588,45.9866240650988,"6679",Alberi,5 - Villa Carlotta - prato centrale,"1957",Taxus baccata,18.0000000000,10.0000000000,104.0000000000,"6743",B,0.00,./0.png
9.23162885289017,45.9867378740026,"6380",Alberi,5 - Villa Carlotta - prato centrale,"1958",Taxus baccata,6.0000000000,5.0000000000,27.0000000000,"6745",B,0.00,./0.png
9.23189424729819,45.9867317105821,"6394",Alberi,5 - Villa Carlotta - prato centrale,"1959",Cryptomeria japonica,15.0000000000,7.0000000000,75.0000000000,"6774",B,0.00,./0.png
9.23197701844451,45.986783303721,"6393",Alberi,5 - Villa Carlotta - prato centrale,"1961",Araucaria cunninghamii,15.0000000000,7.0000000000,61.0000000000,"6824",B,0.00,./0.png
9.23209240941562,45.9868269102368,"6392",Alberi,5 - Villa Carlotta - prato centrale,"1962",Magnolia grandiflora,12.0000000000,6.0000000000,46.0000000000,"6828",B,0.00,./0.png
9.23223303359326,45.9870492191437,"6740",Alberi,5 - Villa Carlotta - prato centrale,"1963",Brahea edulis,8.0000000000,3.0000000000,30.0000000000,"6835",B,0.00,./0.png
9.23232543534556,45.9871571912801,"21459",Alberi,5 - Villa Carlotta - prato centrale,"1965",Phoenix canariensis Hort. ex Chabaud,6.0000000000,3.0000000000,57.0000000000,"6842",B,0.00,./0.png
9.23186450872871,45.9871854524474,"6347",Alberi,39 - Villa Carlotta - Scogliera grande,"1967",Pinus nigra,30.0000000000,3.0000000000,82.0000000000,"6904",Non attribuita,0.00,./0.png
9.23189554658448,45.9872685888679,"6434",Alberi,39 - Villa Carlotta - Scogliera grande,"1968",Quercus ilex,15.0000000000,10.0000000000,76.0000000000,"6906",B,0.00,./0.png
9.23197163858733,45.9873314280161,"21979",Alberi,39 - Villa Carlotta - Scogliera grande,"1969",Quercus ilex,22.3617458340,8.0000000000,54.0000000000,"6907",C,10.72,./3.png
9.23205086058988,45.9873306281637,"21987",Alberi,39 - Villa Carlotta - Scogliera grande,"1970",Tilia cordata,26.2580795290,8.0000000000,56.0000000000,"6908",C-D,9.85,./1.png
9.23199376340617,45.9871450602294,"6396",Alberi,39 - Villa Carlotta - Scogliera grande,"1972",Phoenix canariensis,8.0000000000,4.0000000000,54.0000000000,"6919",B,0.00,./0.png
9.23207130193261,45.9871396258678,"6397",Alberi,39 - Villa Carlotta - Scogliera grande,"1973",Phoenix sylvestris,3.0000000000,4.0000000000,76.0000000000,"6921",B,0.00,./0.png
9.23147415130124,45.9867448117067,"6399",Alberi,19 - Villa Carlotta - Tropicali,"1974",Liriodendron tulipifera,16.0000000000,10.0000000000,85.0000000000,"7101",B,0.00,./0.png
9.23152032751081,45.9867645819852,"6398",Alberi,19 - Villa Carlotta - Tropicali,"1975",Liriodendron tulipifera,15.0000000000,5.0000000000,50.0000000000,"7102",B,0.00,./0.png
9.2314415354696,45.9868993420731,"6401",Alberi,10 - Villa Carlotta - Viale Castanone,"1976",Taxus baccata,11.0000000000,5.0000000000,48.0000000000,"7117",B,0.00,./0.png
9.23129154543706,45.9868255186893,"6363",Alberi,16 - Villa Carlotta - Grotta,"1977",Taxus baccata,15.0000000000,12.0000000000,97.0000000000,"7219",B,0.00,./0.png
9.23121397764106,45.9867955064101,"21811",Alberi,16 - Villa Carlotta - Grotta,"1978",Taxus baccata,16.0045070650,5.0000000000,49.0000000000,"7220",D,12.20,./3.png
9.23119164826972,45.9870112903948,"6357",Alberi,10 - Villa Carlotta - Viale Castanone,"1979",Parrotia persica,16.0000000000,10.0000000000,38.0000000000,"7314",B,0.00,./0.png
9.23106693787217,45.9868317062584,"6360",Alberi,10 - Villa Carlotta - Viale Castanone,"1980",Betula alba,17.0000000000,4.0000000000,36.0000000000,"7328",B,0.00,./0.png
9.2309369607343,45.9867794968295,"6362",Alberi,10 - Villa Carlotta - Viale Castanone,"1981",Liquidambar styraciflua,20.0000000000,7.0000000000,50.0000000000,"7329",B,0.00,./0.png
9.23091802382381,45.9867929186402,"6361",Alberi,10 - Villa Carlotta - Viale Castanone,"1982",Liriodendron tulipifera,20.0000000000,8.0000000000,50.0000000000,"7330",B,0.00,./0.png
9.23124953791532,45.9869417624407,"6359",Alberi,10 - Villa Carlotta - Viale Castanone,"1983",Taxus baccata,10.0000000000,2.0000000000,34.0000000000,"7339",D,0.00,./0.png
9.23112089936337,45.9869972309111,"6358",Alberi,10 - Villa Carlotta - Viale Castanone,"1984",Ilex aquifolium,14.0000000000,4.0000000000,45.0000000000,"7346",B,0.00,./0.png
9.23137189986249,45.9871152938817,"6356",Alberi,38 - Villa Carlotta - Zoca,"1985",Pinus nigra,30.0000000000,10.0000000000,112.0000000000,"7431",B,0.00,./0.png
9.23138183821132,45.987318979071,"6431",Alberi,10 - Villa Carlotta - Viale Castanone,"1986",Liriodendron tulipifera,21.2649250030,7.0000000000,46.0000000000,"7446",C,12.93,./3.png
9.23124753036904,45.9872657436268,"6465",Alberi,10 - Villa Carlotta - Viale Castanone,"1987",Taxus baccata L.,12.0000000000,6.0000000000,33.0000000000,7555B,B,0.00,./0.png
9.23124242045237,45.9872882729827,"6353",Alberi,10 - Villa Carlotta - Viale Castanone,"1988",Taxus baccata,10.0000000000,5.0000000000,26.0000000000,"7557",B,0.00,./0.png
9.23124037865562,45.9873219564873,"6354",Alberi,10 - Villa Carlotta - Viale Castanone,"1989",Taxus baccata,14.0000000000,8.0000000000,48.0000000000,"7558",B,0.00,./0.png
9.23131889247477,45.9873681224899,"6682",Alberi,10 - Villa Carlotta - Viale Castanone,"1990",Taxus baccata,16.0000000000,6.0000000000,46.0000000000,"7561",B,0.00,./0.png
9.23147229486116,45.9873867126688,"6349",Alberi,10 - Villa Carlotta - Viale Castanone,"1992",Taxus baccata,17.0000000000,8.0000000000,48.0000000000,"7565",B,0.00,./0.png
9.23157235237466,45.9873973734157,"6228",Alberi,11 - Villa Carlotta - Bosco Rododendri nuovi,"1994",Celtis australis,22.0000000000,9.0000000000,62.0000000000,"7581",B,0.00,./0.png
9.23120260444704,45.9874503151398,"6409",Alberi,11 - Villa Carlotta - Bosco Rododendri nuovi,"1995",Cedrus deodara,25.0000000000,9.0000000000,81.0000000000,"7615",B,0.00,./0.png
9.23121339459892,45.9875082916741,"6413",Alberi,11 - Villa Carlotta - Bosco Rododendri nuovi,"1996",Platanus acerifolia,25.0000000000,12.0000000000,96.0000000000,"7617",B,0.00,./0.png
9.23124184123662,45.9875460716619,"6231",Alberi,11 - Villa Carlotta - Bosco Rododendri nuovi,"1998",Castanea sativa,12.0000000000,8.0000000000,54.0000000000,"7620",B,0.00,./0.png
9.23130327377278,45.9875644521002,"6232",Alberi,11 - Villa Carlotta - Bosco Rododendri nuovi,"1999",Castanea sativa,12.0000000000,9.0000000000,54.0000000000,"7621",B,0.00,./0.png
9.23143517137578,45.9876091329102,"6233",Alberi,11 - Villa Carlotta - Bosco Rododendri nuovi,"2000",Castanea sativa,11.0000000000,8.0000000000,46.0000000000,"7623",B,0.00,./0.png
9.23161313497788,45.9877583674801,"6325",Alberi,8 - Villa Carlotta - valle felci,"2001",Prunus avium,18.0000000000,7.0000000000,53.0000000000,"7708",B,0.00,./0.png
9.23170772658359,45.9877399860024,"6466",Alberi,8 - Villa Carlotta - valle felci,"2002",Castanea sativa,16.0000000000,8.0000000000,48.0000000000,"7711",B,0.00,./0.png
9.23183520888541,45.9876856352697,"21747",Alberi,8 - Villa Carlotta - valle felci,"2004",Castanea sativa,20.6420383450,4.0000000000,74.0000000000,"7815",D,17.76,./3.png
9.23181212410153,45.9876364410907,"6728",Alberi,8 - Villa Carlotta - valle felci,"2005",Castanea sativa,19.1446666720,7.0000000000,82.0000000000,"7817",C,6.55,./1.png
9.23184838109188,45.9876716039707,"21974",Alberi,8 - Villa Carlotta - valle felci,"2006",Castanea sativa,11.0000000000,7.0000000000,44.0000000000,7927C,D,2.16,./1.png
9.23183750606604,45.9874286701427,"6438",Alberi,11 - Villa Carlotta - Bosco Rododendri nuovi,"2007",Magnolia grandiflora,16.0000000000,4.0000000000,58.0000000000,"8017",B,0.00,./0.png
9.23185001763505,45.9874070798827,"6332",Alberi,11 - Villa Carlotta - Bosco Rododendri nuovi,"2009",Magnolia grandiflora,15.0000000000,3.0000000000,44.0000000000,"8021",B,0.00,./0.png
9.23191068294046,45.9874025016156,"6334",Alberi,11 - Villa Carlotta - Bosco Rododendri nuovi,"2010",Cupressus sempervirens,20.0000000000,4.0000000000,47.0000000000,"8023",B,0.00,./0.png
9.23189239631893,45.9873675722959,"22084",Alberi,11 - Villa Carlotta - Bosco Rododendri nuovi,"2011",Castanea sativa,16.3269062040,4.0000000000,36.0000000000,"8024",C,11.43,./3.png
9.23198436429294,45.9874167526652,"21831",Alberi,11 - Villa Carlotta - Bosco Rododendri nuovi,"2013",Calocedrus decurrens,38.1816596980,10.0000000000,142.0000000000,"8028",C,62.51,./4.png
9.23204371987395,45.9874262715605,"6338",Alberi,11 - Villa Carlotta - Bosco Rododendri nuovi,"2014",Calocedrus decurrens,30.0000000000,7.0000000000,115.0000000000,"8029",B,0.00,./0.png
9.23206817960559,45.9874429625782,"6339",Alberi,11 - Villa Carlotta - Bosco Rododendri nuovi,"2015",Tilia x europaea,18.0000000000,14.0000000000,52.0000000000,"8030",B,0.00,./0.png
9.23169330588757,45.9872173639413,"6340",Alberi,10 - Villa Carlotta - Viale Castanone,"2016",Magnolia grandiflora,17.0000000000,5.0000000000,61.0000000000,"8213",B,0.00,./0.png
9.23169831781317,45.9871993350455,"6342",Alberi,10 - Villa Carlotta - Viale Castanone,"2018",Magnolia grandiflora,9.0000000000,5.0000000000,57.0000000000,"8215",B,0.00,./0.png
9.23160400604246,45.9872536364154,"6432",Alberi,10 - Villa Carlotta - Viale Castanone,"2019",Liriodendron tulipifera,25.0000000000,10.0000000000,85.0000000000,"8219",B,0.00,./0.png
9.2316767074938,45.9868473654829,"22089",Alberi,5 - Villa Carlotta - prato centrale,"2020",Taxus baccata,10.5806732180,4.0000000000,46.0000000000,"8404",D,4.67,./1.png
9.23138358114847,45.9866867717291,"6395",Alberi,18 - Villa Carlotta - Piazzale balletti,"2021",Magnolia grandiflora,14.0000000000,5.0000000000,89.0000000000,"8556",B,0.00,./0.png
9.2313563415899,45.9867248084273,"6684",Alberi,18 - Villa Carlotta - Piazzale balletti,"2022",Pinus sylvestris,20.0000000000,6.0000000000,70.0000000000,"8557",B,0.00,./0.png
9.2314245770965,45.9865850565658,"21532",Alberi,18 - Villa Carlotta - Piazzale balletti,"2023",Quercus ilex,15.9174499510,6.0000000000,77.0000000000,"8620",C,7.24,./1.png
9.23103781728766,45.9867342281448,"6685",Alberi,16 - Villa Carlotta - Grotta,"2024",Taxus baccata,10.0000000000,5.0000000000,50.0000000000,"8750",B,0.00,./0.png
9.2304928887814,45.9863169103235,"21539",Alberi,26 - Villa Carlotta - zona maggione,"2026",Magnolia grandiflora,12.0979976650,9.0000000000,57.0000000000,"8939",C,3.66,./1.png
9.23045887215939,45.986377353045,"6686",Alberi,26 - Villa Carlotta - zona maggione,"2027",Osmanthus yunnanensis,8.0000000000,7.0000000000,47.0000000000,"8950",B,0.00,./0.png
9.23019431424808,45.9862826176742,"6687",Alberi,27 - Villa Carlotta - zona Nyssa,"2029",Pinus sylvestris,24.0000000000,6.0000000000,62.0000000000,"9060",Non attribuita,0.00,./0.png
9.23025242469383,45.986303597471,"21512",Alberi,26 - Villa Carlotta - zona maggione,"2030",Pinus sylvestris,25.5185089110,7.0000000000,67.0000000000,"9061",C-D,49.64,./2.png
9.23007577704157,45.9860586121795,"21518",Alberi,29 - Villa Carlotta - Platani-ortensie,"2031",Platanus acerifolia,42.0359878540,12.0000000000,128.0000000000,"9229",C,75.77,./4.png
9.23000640366385,45.9860271605217,"21469",Alberi,29 - Villa Carlotta - Platani-ortensie,"2032",Platanus acerifolia,40.3704414370,14.0000000000,185.0000000000,"9230",C,69.88,./4.png
9.22996220853771,45.9860895500113,"6688",Alberi,28 - Villa Carlotta - zona fontanella,"2033",Fagus sylvatica pendula,18.0000000000,7.0000000000,59.0000000000,"9280",B,0.00,./0.png
9.22994884004592,45.9861007373596,"22093",Alberi,28 - Villa Carlotta - zona fontanella,"2034",Fagus sylvatica,30.0000000000,8.0000000000,96.0000000000,"9281",,0.00,./0.png
9.22975390373233,45.9860128988019,"21522",Alberi,33 - Villa Carlotta - Canale giardino vecchio,"2035",Platanus acerifolia,32.5483894350,12.0000000000,86.0000000000,"9335",C,39.75,./2.png
9.22931062767972,45.9858705301955,"6689",Alberi,33 - Villa Carlotta - Canale giardino vecchio,"2036",Taxus baccata,12.0000000000,8.0000000000,63.0000000000,"9346",B,0.00,./0.png
9.22934856273488,45.9858866187377,"21528",Alberi,33 - Villa Carlotta - Canale giardino vecchio,"2037",Taxus baccata,12.0000000000,7.0000000000,58.0000000000,"9347",Non attribuita,0.00,./0.png
9.22934653221389,45.9858684447918,"21547",Alberi,33 - Villa Carlotta - Canale giardino vecchio,"2038",Ilex aquifolium,11.7965765000,4.0000000000,31.0000000000,"9349",D,0.00,./0.png
9.22910380354213,45.9858300203108,"6693",Alberi,33 - Villa Carlotta - Canale giardino vecchio,"2039",Ilex aquifolium,11.0000000000,7.0000000000,40.0000000000,"9356",B,0.00,./0.png
9.22919344799113,45.9857991943136,"6692",Alberi,33 - Villa Carlotta - Canale giardino vecchio,"2041",Cedrus deodara,18.0000000000,8.0000000000,66.0000000000,"9358",B,0.00,./0.png
9.22910126087682,45.9857457189481,"6694",Alberi,33 - Villa Carlotta - Canale giardino vecchio,"2042",Prunus laurocerasus,10.0000000000,7.0000000000,33.0000000000,"9359",B,0.00,./0.png
9.22929294507252,45.9856780387718,"6695",Alberi,34 - Villa Carlotta - Zona centrale giardino vecchio - aceri,"2043",Cupressus sempervirens,14.0000000000,3.0000000000,71.0000000000,"9539",B,0.00,./0.png
9.22898589545041,45.9854128374705,"6696",Alberi,32 - Villa Carlotta - Torretta,"2044",Taxus baccata,12.0000000000,8.0000000000,68.0000000000,"9803",B,0.00,./0.png
9.22901918309018,45.9854479532164,"6697",Alberi,32 - Villa Carlotta - Torretta,"2045",Quercus suber,12.0000000000,7.0000000000,58.0000000000,"9806",B,0.00,./0.png
9.22909112721003,45.9854738020934,"6698",Alberi,32 - Villa Carlotta - Torretta,"2046",Pinus strobus,18.0000000000,8.0000000000,67.0000000000,"9808",B,0.00,./0.png
9.22924207234733,45.985505351729,"6699",Alberi,34 - Villa Carlotta - Zona centrale giardino vecchio - aceri,"2047",Podocarpus totara,12.0000000000,8.0000000000,55.0000000000,"9812",B,0.00,./0.png
9.22966823992664,45.9857262382144,"6700",Alberi,34 - Villa Carlotta - Zona centrale giardino vecchio - aceri,"2048",Araucaria araucana,12.0000000000,5.0000000000,57.0000000000,"10001",B,0.00,./0.png
9.22999701148437,45.9858574324615,"21481",Alberi,30 - Villa Carlotta - giardino vecchio parte bassa,"2049",Platanus acerifolia,40.0000000000,10.0000000000,160.0000000000,"10046",B,0.00,./0.png
9.22986306659224,45.9857972194589,"6701",Alberi,30 - Villa Carlotta - giardino vecchio parte bassa,"2050",Taxus baccata,18.0000000000,8.0000000000,60.0000000000,"10047",B,0.00,./0.png
9.22986388536121,45.9857766789692,"21999",Alberi,30 - Villa Carlotta - giardino vecchio parte bassa,"2051",Cinnamomum camphora,23.0000000000,10.0000000000,122.0000000000,"10048",,0.00,./0.png
9.22984377339307,45.9857557305569,"6703",Alberi,30 - Villa Carlotta - giardino vecchio parte bassa,"2052",Euonymus lucidus,8.0000000000,5.0000000000,25.0000000000,"10049",B,0.00,./0.png
9.2298415078529,45.9857729798209,"6704",Alberi,30 - Villa Carlotta - giardino vecchio parte bassa,"2053",Euonymus lucidus,6.0000000000,4.0000000000,19.0000000000,"10050",B,0.00,./0.png
9.22977600958483,45.985807366931,"6705",Alberi,34 - Villa Carlotta - Zona centrale giardino vecchio - aceri,"2054",Chamaecyparis lawsoniana,18.0000000000,7.0000000000,62.0000000000,"10055",B,0.00,./0.png
9.23022071965072,45.9858781419088,"6706",Alberi,30 - Villa Carlotta - giardino vecchio parte bassa,"2055",Magnolia grandiflora,15.0000000000,7.0000000000,58.0000000000,"10134",B,0.00,./0.png
9.23025968916665,45.9858322605223,"6707",Alberi,30 - Villa Carlotta - giardino vecchio parte bassa,"2056",Taxus baccata,13.0000000000,6.0000000000,57.0000000000,"10135",B,0.00,./0.png
9.23028485263645,45.9858041196687,"6708",Alberi,30 - Villa Carlotta - giardino vecchio parte bassa,"2057",Cryptomeria japonica,15.0000000000,6.0000000000,45.0000000000,"10136",B,0.00,./0.png
9.23009312098911,45.9858788578923,"21485",Alberi,30 - Villa Carlotta - giardino vecchio parte bassa,"2058",Platanus acerifolia,40.0000000000,10.0000000000,138.0000000000,"10143",B,0.00,./0.png
9.23002599273903,45.9858064860464,"21488",Alberi,30 - Villa Carlotta - giardino vecchio parte bassa,"2059",Platanus acerifolia,40.0000000000,8.0000000000,121.0000000000,"10145",B,0.00,./0.png
9.22990078001175,45.9857753357054,"6709",Alberi,30 - Villa Carlotta - giardino vecchio parte bassa,"2060",Magnolia grandiflora,15.0000000000,4.0000000000,40.0000000000,"10146",B,0.00,./0.png
9.22989432358526,45.9857501836602,"6710",Alberi,30 - Villa Carlotta - giardino vecchio parte bassa,"2061",Magnolia grandiflora,15.0000000000,4.0000000000,49.0000000000,"10148",B,0.00,./0.png
9.22989224404914,45.9857094341703,"6558",Alberi,30 - Villa Carlotta - giardino vecchio parte bassa,"2062",Magnolia grandiflora,17.3810501100,10.0000000000,85.0000000000,"10149",D,7.20,./1.png
9.23005237471816,45.9855613078796,"6711",Alberi,30 - Villa Carlotta - giardino vecchio parte bassa,"2063",Taxus baccata,15.0000000000,7.0000000000,72.0000000000,"10179",B,0.00,./0.png
9.22996435217434,45.9856562229206,"21561",Alberi,30 - Villa Carlotta - giardino vecchio parte bassa,"2064",Magnolia grandiflora,17.0000000000,6.0000000000,80.0000000000,"10230",,0.00,./0.png
9.22995088354694,45.9855683614112,"6712",Alberi,30 - Villa Carlotta - giardino vecchio parte bassa,"2065",Quercus ilex,10.0000000000,6.0000000000,52.0000000000,"10301",B,0.00,./0.png
9.2297288400161,45.9854690748603,"21476",Alberi,30 - Villa Carlotta - giardino vecchio parte bassa,"2066",Cinnamomum camphora,24.2485313420,8.0000000000,115.0000000000,"10309",C,8.40,./1.png
9.22961465852882,45.9854108379171,"6713",Alberi,30 - Villa Carlotta - giardino vecchio parte bassa,"2067",Quercus ilex,9.0000000000,5.0000000000,42.0000000000,"10315",B,0.00,./0.png
9.22932647538722,45.9852621724081,"6714",Alberi,30 - Villa Carlotta - giardino vecchio parte bassa,"2068",Quercus ilex,9.0000000000,5.0000000000,38.0000000000,"10316",B,0.00,./0.png
9.22926059828815,45.9852297412377,"6715",Alberi,30 - Villa Carlotta - giardino vecchio parte bassa,"2069",Quercus ilex,9.0000000000,5.0000000000,45.0000000000,"10318",B,0.00,./0.png
9.22948587764227,45.9854001521293,"21609",Alberi,30 - Villa Carlotta - giardino vecchio parte bassa,"2070",Rhododendron arboreum,12.0619754790,5.0000000000,30.0000000000,"10364",C,1.56,./1.png
9.22945736755052,45.9854245823754,"21610",Alberi,30 - Villa Carlotta - giardino vecchio parte bassa,"2071",Rhododendron arboreum,10.3659639360,7.0000000000,50.0000000000,"10365",C,0.77,./1.png
9.22945697075536,45.9854004171787,"6718",Alberi,30 - Villa Carlotta - giardino vecchio parte bassa,"2072",Rhododendron arboreum,10.0000000000,6.0000000000,36.0000000000,"10366",B,0.00,./0.png
9.22947081472867,45.9853887069027,"6719",Alberi,30 - Villa Carlotta - giardino vecchio parte bassa,"2073",Rhododendron arboreum,8.0000000000,5.0000000000,34.0000000000,"10367",B,0.00,./0.png
9.22943143536929,45.9853823416988,"6720",Alberi,30 - Villa Carlotta - giardino vecchio parte bassa,"2074",Rhododendron arboreum,11.0000000000,10.0000000000,34.0000000000,"10368",B,0.00,./0.png
9.22941758903564,45.9853622266664,"6721",Alberi,30 - Villa Carlotta - giardino vecchio parte bassa,"2075",Rhododendron arboreum,10.0000000000,6.0000000000,45.0000000000,"10369",B,0.00,./0.png
9.22930555060881,45.9854038802187,"21553",Alberi,30 - Villa Carlotta - giardino vecchio parte bassa,"2076",Phoenix canariensis,6.0000000000,5.0000000000,42.0000000000,"10401",,0.00,./0.png
9.22923369372478,45.9853334794697,"6724",Alberi,30 - Villa Carlotta - giardino vecchio parte bassa,"2077",Araucaria angustifolia,16.0000000000,6.0000000000,42.0000000000,"10403",B,0.00,./0.png
9.22918169671254,45.9853669211228,"6722",Alberi,30 - Villa Carlotta - giardino vecchio parte bassa,"2078",Araucaria angustifolia (Bertol.) Kuntze,12.0000000000,8.0000000000,49.0000000000,10403A,B,0.00,./0.png
9.23083781003205,45.9858498060586,"21557",Alberi,24 - Villa Carlotta - Fontana bosco,"2079",Liriodendron tulipifera,20.0000000000,10.0000000000,83.0000000000,"11481",B,0.00,./0.png
9.23264329356571,45.9874844640607,"21656",Alberi,8 - Villa Carlotta - valle felci,"2085",Taxus baccata L.,15.0000000000,6.0000000000,33.0000000000,"2624",A,0.00,./0.png
9.2325690296394,45.9874390733525,"21659",Alberi,8 - Villa Carlotta - valle felci,"2086",Euonymus lucidus D.Don,15.0000000000,7.0000000000,42.0000000000,"2479",B,0.00,./0.png
9.23254885384332,45.9874217707006,"21662",Alberi,8 - Villa Carlotta - valle felci,"2087",Acer pseudoplatanus,25.0000000000,4.0000000000,30.0000000000,"2517",B,0.00,./0.png
9.23213886888496,45.9880325230198,"21665",Alberi,8 - Villa Carlotta - valle felci,"2088",Quercus ilex,20.0000000000,5.0000000000,35.0000000000,1817A,B,0.00,./0.png
9.23192989907304,45.9876414403569,"21671",Alberi,8 - Villa Carlotta - valle felci,"2090",Taxus baccata L.,20.0000000000,8.0000000000,43.0000000000,"2332",B,0.00,./0.png
9.23207936859917,45.9876085196034,"21677",Alberi,8 - Villa Carlotta - valle felci,"2092",Platanus acerifolia,28.0000000000,7.0000000000,39.0000000000,"2328",B,0.00,./0.png
9.23240478020133,45.9873585841796,"21684",Alberi,8 - Villa Carlotta - valle felci,"2094",Taxus baccata L.,15.0000000000,5.0000000000,31.0000000000,"2461",B,0.00,./0.png
9.23244548437744,45.9872985409549,"21687",Alberi,8 - Villa Carlotta - valle felci,"2095",Taxus baccata L.,15.0000000000,5.0000000000,34.0000000000,"2459",B,0.00,./0.png
9.23263870559601,45.9873632204577,"21690",Alberi,8 - Villa Carlotta - valle felci,"2096",Euonymus lucidus D.Don,7.0000000000,5.0000000000,32.0000000000,"2442",B,0.00,./0.png
9.23234726551828,45.9872767797817,"21693",Alberi,8 - Villa Carlotta - valle felci,"2097",Prunus laurocerasus L.,8.0000000000,8.0000000000,25.0000000000,"2469",B,0.00,./0.png
9.23244487068403,45.9871920228581,"21696",Alberi,15 - Villa Carlotta - zona serre vecchie,"2098",Sycopsis sinensis Oliv.,12.0000000000,8.0000000000,38.0000000000,"5152",B,0.00,./0.png
9.23259164959779,45.9871490174924,"21699",Alberi,15 - Villa Carlotta - zona serre vecchie,"2099",Acer pseudoplatanus,20.0000000000,6.0000000000,40.0000000000,"5150",Non attribuita,0.00,./0.png
9.23276307924494,45.9870358488734,"21702",Alberi,15 - Villa Carlotta - zona serre vecchie,"2100",Taxus baccata L.,17.4193344120,4.0000000000,30.0000000000,"5126",D,21.69,./3.png
9.23183791487294,45.9866575088311,"21705",Alberi,5 - Villa Carlotta - prato centrale,"2101",Thujopsis dolabrata (L. f.) Sieb. & Zucc. Variegata,14.0000000000,4.0000000000,42.0000000000,"6767",B,0.00,./0.png
9.2316300722493,45.9867237589543,"21714",Alberi,5 - Villa Carlotta - prato centrale,"2104",Taxus baccata L.,8.0000000000,5.0000000000,34.0000000000,"6746",B,0.00,./0.png
9.2315970993051,45.9866377462575,"21717",Alberi,5 - Villa Carlotta - prato centrale,"2105",Sycopsis sinensis Oliv.,6.0000000000,6.0000000000,30.0000000000,"6742",B,0.00,./0.png
9.23149300967289,45.9867001946875,"21723",Alberi,6 - Villa Carlotta - viale ex platano,"2107",Laurus nobilis L.,12.0000000000,3.0000000000,32.0000000000,8560A,B,0.00,./0.png
9.23155726575802,45.9868107060386,"21726",Alberi,19 - Villa Carlotta - Tropicali,"2108",Araucaria angustifolia (Bertol.) Kuntze,9.0000000000,6.0000000000,26.0000000000,"7104",B,0.00,./0.png
9.23143937206622,45.9866683520136,"21729",Alberi,6 - Villa Carlotta - viale ex platano,"2109",Euonymus lucidus D.Don,8.0000000000,6.0000000000,28.0000000000,"8562",B,0.00,./0.png
9.23142277324893,45.9868988940469,"21732",Alberi,10 - Villa Carlotta - Viale Castanone,"2110",Taxus baccata L.,9.0000000000,6.0000000000,35.0000000000,"7118",B,0.00,./0.png
9.23139888225467,45.9868450662208,"21735",Alberi,16 - Villa Carlotta - Grotta,"2111",Ilex aquifolium L.,10.0000000000,5.0000000000,38.0000000000,7126B,B,0.00,./0.png
9.23110100835429,45.9868341304711,"21738",Alberi,10 - Villa Carlotta - Viale Castanone,"2112",Betula pendula Roth.,15.0000000000,4.0000000000,40.0000000000,"7326",B,0.00,./0.png
9.23108190613716,45.9868388492875,"21741",Alberi,10 - Villa Carlotta - Viale Castanone,"2113",Betula pendula Roth.,15.0000000000,5.0000000000,31.0000000000,"7327",B,0.00,./0.png
9.23111600762203,45.9868549269909,"21845",Alberi,10 - Villa Carlotta - Viale Castanone,"2114",Betula pendula Roth.,14.0000000000,4.0000000000,26.0000000000,"7324",B,0.00,./0.png
9.23127571680139,45.9869993298201,"21836",Alberi,10 - Villa Carlotta - Viale Castanone,"2115",Taxus baccata L.,4.0000000000,12.0000000000,35.0000000000,"7348",Non attribuita,0.00,./0.png
9.23128347192014,45.9870199069671,"21848",Alberi,10 - Villa Carlotta - Viale Castanone,"2116",Fagus sylvatica L. f. purpurea (Ait.) Schneid.,8.0000000000,19.0000000000,44.0000000000,"7349",B,0.00,./0.png
9.23121633577185,45.9871324123978,"21864",Alberi,10 - Villa Carlotta - Viale Castanone,"2117",Platanus acerifolia,22.0000000000,10.0000000000,48.0000000000,"7444",B,0.00,./0.png
9.23123944111131,45.9872270315129,"21858",Alberi,10 - Villa Carlotta - Viale Castanone,"2118",Taxus baccata L.,13.0000000000,5.0000000000,33.0000000000,"7555",B,0.00,./0.png
9.23135493697695,45.9873639183612,"21839",Alberi,10 - Villa Carlotta - Viale Castanone,"2119",Taxus baccata L.,11.0000000000,5.0000000000,35.0000000000,"7562",B,0.00,./0.png
9.23124790000418,45.9872646809339,"21851",Alberi,10 - Villa Carlotta - Viale Castanone,"2120",Diospyros lotus,16.0000000000,10.0000000000,50.0000000000,7557B,B,0.00,./0.png
9.23125203754235,45.9874211169403,"21861",Alberi,11 - Villa Carlotta - Bosco Rododendri nuovi,"2121",Chamaecyparis lawsoniana (Murray) Parl. Alumii,15.0000000000,5.0000000000,33.0000000000,"7552",B,0.00,./0.png
9.23144665768758,45.9877688550689,"21757",Alberi,100 - Parco degli ulivi,"2122",,18.0000000000,5.0000000000,52.0000000000,,,0.00,./0.png
9.23143188645311,45.9877936520947,"21760",Alberi,100 - Parco degli ulivi,"2123",Pinus strobus L.,22.0000000000,4.0000000000,49.0000000000,,B,0.00,./0.png
9.23142071114237,45.9878111261906,"21763",Alberi,100 - Parco degli ulivi,"2124",Pinus strobus L.,23.0000000000,8.0000000000,78.0000000000,,Non attribuita,0.00,./0.png
9.23140845867705,45.9878279743277,"21766",Alberi,100 - Parco degli ulivi,"2125",Pinus strobus L.,17.0000000000,8.0000000000,46.0000000000,,B,0.00,./0.png
9.23123567992047,45.9879274829974,"21769",Alberi,100 - Parco degli ulivi,"2126",Pinus strobus,18.0000000000,10.0000000000,69.0000000000,,Non attribuita,0.00,./0.png
9.23120072233795,45.9877562277241,"21772",Alberi,100 - Parco degli ulivi,"2127",,21.0000000000,8.0000000000,53.0000000000,,B,0.00,./0.png
9.23110713413723,45.9876050760412,"21775",Alberi,100 - Parco degli ulivi,"2128",Fagus sylvatica L.,15.0000000000,6.0000000000,48.0000000000,,B,0.00,./0.png
9.23060505072778,45.9878163899443,"21782",Alberi,100 - Parco degli ulivi,"2130",Betula albosinensis Burkill,22.0000000000,8.0000000000,54.0000000000,,,0.00,./0.png
9.23064347612903,45.9877205321655,"21785",Alberi,100 - Parco degli ulivi,"2131",,7.0000000000,4.0000000000,58.0000000000,,B,0.00,./0.png
9.23068173007243,45.9875544905716,"21788",Alberi,100 - Parco degli ulivi,"2132",,6.0000000000,4.0000000000,58.0000000000,,B,0.00,./0.png
9.23037953236146,45.9874917698028,"21791",Alberi,100 - Parco degli ulivi,"2133",,5.0000000000,3.0000000000,52.0000000000,,B,0.00,./0.png
9.23041050548553,45.9875826817024,"21794",Alberi,100 - Parco degli ulivi,"2134",,6.0000000000,4.0000000000,65.0000000000,,B,0.00,./0.png
9.23084226470635,45.9873376956955,"21797",Alberi,100 - Parco degli ulivi,"2135",,7.0000000000,5.0000000000,50.0000000000,,B,0.00,./0.png
9.23097653728488,45.9870355717631,"21800",Alberi,100 - Parco degli ulivi,"2136",Prunus avium L.,16.0000000000,7.0000000000,51.0000000000,,B,0.00,./0.png
9.23169497508951,45.9876669648807,"21842",Alberi,11 - Villa Carlotta - Bosco Rododendri nuovi,"2137",Cryptomeria japonica D.Don cv.,18.0000000000,3.0000000000,36.0000000000,"7712",B,0.00,./0.png
9.23215718703854,45.9883127211959,"21895",Alberi,43 - Villa Carlotta - Giardino dei bambÃ¹,"2138",Castanea sativa Mill.,10.0000000000,5.0000000000,28.0000000000,"1428",D,1.19,./1.png
9.23222927802469,45.9883367076209,"21876",Alberi,43 - Villa Carlotta - Giardino dei bambÃ¹,"2139",Castanea sativa Mill.,7.0000000000,3.0000000000,68.0000000000,,D,0.00,./0.png
9.23286897181024,45.9882687823721,"21882",Alberi,1 - Villa Carlotta - area pic nic nord - prato giochi,"2141",Magnolia tripetala L.,7.0000000000,8.0000000000,20.0000000000,"1145",B,0.00,./0.png
9.23307506027259,45.9882450153173,"21888",Alberi,1 - Villa Carlotta - area pic nic nord - prato giochi,"2142",Betula pendula Roth.,11.0000000000,4.0000000000,26.0000000000,"978",Non attribuita,0.00,./0.png
9.23292390761117,45.9884987467623,"21879",Alberi,1 - Villa Carlotta - area pic nic nord - prato giochi,"2143",Carpinus betulus L.,12.0000000000,5.0000000000,23.0000000000,"1012",B,0.00,./0.png
9.23295674154688,45.9885908795802,"21907",Alberi,1 - Villa Carlotta - area pic nic nord - prato giochi,"2144",Acer pseudoplatanus L.,13.0000000000,8.0000000000,46.0000000000,"1001",Non attribuita,0.00,./0.png
9.23310887412066,45.9887458886777,"21919",Alberi,1 - Villa Carlotta - area pic nic nord - prato giochi,"2145",Araucaria angustifolia (Bertol.) Kuntze,16.0000000000,5.0000000000,33.0000000000,"815",A,0.00,./0.png
9.23313164145696,45.9886852517815,"21892",Alberi,1 - Villa Carlotta - area pic nic nord - prato giochi,"2146",Ginkgo biloba L.,20.0000000000,4.0000000000,36.0000000000,"991",B,0.00,./0.png
9.23308685864938,45.9888103221892,"21901",Alberi,1 - Villa Carlotta - area pic nic nord - prato giochi,"2147",Fraxinus excelsior L.,16.0000000000,10.0000000000,36.0000000000,"811",B,0.00,./0.png
9.23331753757506,45.9886492849831,"21904",Alberi,1 - Villa Carlotta - area pic nic nord - prato giochi,"2148",Cupressus glabra Sudw.,14.0000000000,5.0000000000,36.0000000000,"985",B,0.00,./0.png
9.2331967257194,45.9890777419027,"21931",Alberi,12 - Villa Carlotta - Prato paulownia,"2149",Picea orientalis (L.) Link.,8.0000000000,5.0000000000,35.0000000000,"787",B,0.00,./0.png
9.23310207084962,45.9891399205094,"21913",Alberi,12 - Villa Carlotta - Prato paulownia,"2150",Pseudotsuga menziesii (Mirb.) Franco subsp. glauca (Beissn.) E.Murray,13.0000000000,7.0000000000,54.0000000000,"790",B,0.00,./0.png
9.23315350967189,45.9891885255531,"21898",Alberi,12 - Villa Carlotta - Prato paulownia,"2151",Abies concolor (Gordon & Glend.) Lindl. Glauca,8.0000000000,3.0000000000,29.0000000000,"788",B,0.00,./0.png
9.23306771448054,45.989288163571,"21885",Alberi,2 - Villa Carlotta - area vivaio serre,"2152",Pinus coulteri D.Don,9.0000000000,5.0000000000,39.0000000000,"682",B,0.00,./0.png
9.23306102050229,45.9893791348989,"21934",Alberi,2 - Villa Carlotta - area vivaio serre,"2153",Gleditsia triacanthos L.,15.0000000000,8.0000000000,48.0000000000,"688",B,0.00,./0.png
9.23320622233247,45.9893774796485,"21925",Alberi,2 - Villa Carlotta - area vivaio serre,"2155",Cedrus atlantica var.glauca,13.0000000000,7.0000000000,44.0000000000,"685",B,0.00,./0.png
9.23318731722974,45.9894354535646,"21928",Alberi,2 - Villa Carlotta - area vivaio serre,"2155",Keteleeria davidiana (Bertr.) Beissn,12.0000000000,6.0000000000,37.0000000000,"686",B,0.00,./0.png
9.23337167379507,45.9895302921093,"21937",Alberi,2 - Villa Carlotta - area vivaio serre,"2156",Thuja plicata D. Don,13.0000000000,6.0000000000,52.0000000000,"508",Non attribuita,0.00,./0.png
9.23341482891168,45.9887016034507,"21916",Alberi,12 - Villa Carlotta - Prato paulownia,"2157",Taxus baccata L.,7.0000000000,7.0000000000,31.0000000000,"3523",B,0.00,./0.png
9.23339515854714,45.9884575807239,"21922",Alberi,7 - Villa Carlotta - viale canfora,"2158",Taxus baccata L.,23.1739406590,4.0000000000,30.0000000000,"3435",D,6.40,./1.png
9.23339838426794,45.9884416884917,"21910",Alberi,7 - Villa Carlotta - viale canfora,"2159",Fagus sylvatica L.,18.0000000000,5.0000000000,36.0000000000,"3434",B,0.00,./0.png
9.2332798356267,45.9883728257262,"22053",Alberi,7 - Villa Carlotta - viale canfora,"2161",Sequoia sempervirens (D. Don) Endl.,12.0000000000,4.0000000000,35.0000000000,"3432",B,0.00,./0.png
9.23325479881529,45.9883295940707,"22056",Alberi,7 - Villa Carlotta - viale canfora,"2162",Taxus baccata L.,12.0000000000,5.0000000000,34.0000000000,3426A,B,0.00,./0.png
9.23315145858525,45.9882540848614,"22059",Alberi,IMPORT - Villa Carlotta - Importazione Giugno 2018,"2163",Taxus baccata L.,11.0000000000,4.0000000000,28.0000000000,979B,B,0.00,./0.png
9.23320219049599,45.9882083315004,"22062",Alberi,7 - Villa Carlotta - viale canfora,"2164",Rhododendron arboreum Sm. cv.,7.0000000000,3.5000000000,30.0000000000,"3329",Non attribuita,0.00,./0.png
9.23304625322268,45.9881278893013,"22065",Alberi,7 - Villa Carlotta - viale canfora,"2165",Liquidambar styraciflua L.,18.0000000000,4.0000000000,38.0000000000,"3239",Non attribuita,0.00,./0.png
9.23287410993237,45.9879883475437,"22008",Alberi,7 - Villa Carlotta - viale canfora,"2166",Magnolia grandiflora,20.0000000000,3.0000000000,35.0000000000,,B,0.00,./0.png
9.23290866497995,45.9879861440623,"22017",Alberi,7 - Villa Carlotta - viale canfora,"2167",Magnolia grandiflora,8.0000000000,3.0000000000,38.0000000000,,,0.00,./0.png
9.23289793810821,45.9879741409277,"22014",Alberi,7 - Villa Carlotta - viale canfora,"2168",Magnolia grandiflora,16.0000000000,4.0000000000,35.0000000000,,B,0.00,./0.png
9.23289076057807,45.9879675878492,"22020",Alberi,7 - Villa Carlotta - viale canfora,"2169",Magnolia grandiflora,18.0000000000,3.0000000000,34.0000000000,,B,0.00,./0.png
9.23272764500092,45.9878418498826,"22068",Alberi,7 - Villa Carlotta - viale canfora,"2170",Magnolia x soulangeana Soul.Bod,9.0000000000,6.0000000000,32.0000000000,"2924",B,0.00,./0.png
9.23336269922002,45.9901814238871,"22023",Alberi,2 - Villa Carlotta - area vivaio serre,"2171",Picea abies,16.0000000000,5.0000000000,55.0000000000,,B,0.00,./0.png
9.23371960788105,45.9888439350295,"22027",Alberi,2 - Villa Carlotta - area vivaio serre,"2172",Cupressus lusitanica,26.0000000000,5.0000000000,70.0000000000,,B,0.00,./0.png
9.23369896611037,45.9888692071979,"22030",Alberi,2 - Villa Carlotta - area vivaio serre,"2173",Cupressus lusitanica,26.0000000000,4.0000000000,53.0000000000,,Non attribuita,0.00,./0.png
9.23359257026705,45.9888617002315,"22033",Alberi,2 - Villa Carlotta - area vivaio serre,"2174",Cupressus lusitanica,26.0000000000,5.0000000000,70.0000000000,,B,0.00,./0.png
9.23355935772022,45.9888231354338,"22036",Alberi,2 - Villa Carlotta - area vivaio serre,"2175",Cupressus lusitanica,26.0000000000,5.0000000000,85.0000000000,,Non attribuita,0.00,./0.png
9.23367924513712,45.9885675136613,"22039",Alberi,12 - Villa Carlotta - Prato paulownia,"2176",Castanea sativa,19.0000000000,9.0000000000,115.0000000000,,Non attribuita,0.00,./0.png
9.23357359068688,45.9875849738934,"4919",Alberi,15 - Villa Carlotta - zona serre vecchie,"2177",Magnolia grandiflora L.,18.0000000000,6.0000000000,58.0000000000,5046E,Non attribuita,0.00,./0.png
9.23036094182993,45.9862718595084,"22071",Alberi,26 - Villa Carlotta - zona maggione,"2178",Sequoia sempervirens (D. Don) Endl.,14.0000000000,5.0000000000,47.0000000000,"9067",B,0.00,./0.png
9.23045003338296,45.9862726969392,"22074",Alberi,26 - Villa Carlotta - zona maggione,"2179",Acer saccharinum L. f. pyramidale (Spaeth.) Pax.,9.0000000000,5.0000000000,34.0000000000,"9147",Non attribuita,0.00,./0.png
9.23021561436693,45.9862070076747,"22077",Alberi,27 - Villa Carlotta - zona Nyssa,"2180",Nyssa sylvatica Marshall,9.0000000000,6.0000000000,31.0000000000,"9057",B,0.00,./0.png
9.23073355130399,45.9855476548307,"22042",Alberi,IMPORT - Villa Carlotta - Importazione Giugno 2018,"2181",Platanus acerifolia,22.0000000000,11.0000000000,120.0000000000,,Non attribuita,0.00,./0.png
9.23086106338887,45.9855891857877,"22047",Alberi,IMPORT - Villa Carlotta - Importazione Giugno 2018,"2182",Platanus acerifolia,22.0000000000,10.0000000000,171.0000000000,,Non attribuita,0.00,./0.png
9.23256688907714,45.9868352750452,"22050",Alberi,IMPORT - Villa Carlotta - Importazione Giugno 2018,"2183",Platanus acerifolia,20.0000000000,6.0000000000,62.0000000000,,Non attribuita,0.00,./0.png
